emp_id,name,department,salary
1418.0,Jane,IT,94041.0
1881.0,Alice,Sales,109057.0
1160.0,Helen,Finance,107231.0
1525.0,Grace,IT,107794.0
1976.0,Helen,IT,104658.0
1963.0,Eva,Sales,100969.0
1004.0,Eva,Marketing,72823.0
1419.0,Eva,Sales,83352.0
1593.0,Charlie,Marketing,67900.0
1261.0,Bob,Marketing,68067.0
1738.0,Helen,Marketing,103997.0
1694.0,Ian,IT,113820.0
1159.0,Jane,Marketing,71621.0
1796.0,Grace,Finance,76760.0
1125.0,Alice,Finance,72668.0
1779.0,Frank,IT,111912.0
1957.0,David,HR,89042.0
1899.0,Frank,Sales,95031.0
1477.0,David,Finance,65144.0
1094.0,Jane,Sales,80115.0
1526.0,Ian,Sales,79235.27477477478
1458.0,Charlie,HR,74857.0
1088.0,Alice,IT,75379.0
1977.0,David,Marketing,108112.0
1932.0,Charlie,HR,62994.0
1435.0,Jane,Marketing,81399.0
1392.0,Eva,Marketing,86532.0
1081.0,Grace,IT,99967.0
1736.0,Grace,IT,64742.0
1045.0,Jane,Marketing,65643.0
1164.0,David,Marketing,70390.0
1512.0,Ian,Sales,68714.0
1373.0,David,Sales,56715.0
1457.0,Bob,Finance,118340.0
1566.0,Jane,IT,111942.0
1897.0,Ian,Finance,115120.0
1770.0,Alice,IT,58228.0
1550.0,Eva,IT,85731.0
1990.0,Jane,IT,85296.0
1327.0,Unknown,HR,82188.0
1318.0,Helen,HR,76659.0
1509.0,David,Marketing,75000.0
1650.0,Alice,Marketing,72092.0
1734.0,Ian,HR,104971.0
1266.0,David,Finance,113362.0
1492.0,Unknown,HR,115667.0
1368.0,Unknown,HR,62371.0
1340.0,Jane,IT,85677.0
1906.0,Helen,Finance,85661.0
1715.0,Unknown,Sales,98920.0
1992.0,Frank,HR,66598.0
1810.0,Jane,Sales,95633.0
1986.0,David,HR,97494.0
1378.0,Bob,Marketing,99252.0
1249.0,Unknown,IT,95061.0
1005.0,Grace,Marketing,74124.99086757991
1124.0,Grace,Marketing,101031.0
1620.0,Ian,Sales,79235.27477477478
1185.0,Charlie,Finance,63893.0
1382.0,Helen,Finance,93037.0
1014.0,Charlie,HR,56984.0
1023.0,Jane,IT,102460.0
1740.0,Helen,HR,70889.55701754386
1265.0,Ian,IT,94977.0
1177.0,Alice,Sales,61910.0
1380.0,Charlie,Finance,92646.0
1180.0,Frank,Marketing,59371.0
1628.0,Charlie,Finance,89664.0
1778.0,Helen,Marketing,72891.0
1485.0,Helen,HR,108040.0
1436.0,Alice,IT,53472.0
1688.0,Frank,Marketing,64865.0
1948.0,Frank,Sales,76037.0
1444.0,David,Marketing,93936.0
1603.0,Frank,Finance,70372.0
1247.0,Alice,Finance,106559.0
1844.0,Charlie,Finance,69961.0
1245.0,Frank,Finance,86273.0
1128.0,Eva,HR,118204.0
1857.0,Helen,Finance,78563.0
1239.0,Ian,Sales,92711.0
1486.0,Charlie,HR,91558.0
1115.0,Alice,Sales,119022.0
1080.0,Unknown,Marketing,94106.0
1953.0,Helen,Sales,99615.0
1483.0,Eva,Sales,72600.0
1883.0,Bob,IT,59139.0
1077.0,Ian,Marketing,88348.0
1035.0,Grace,HR,55426.0
1030.0,David,HR,70889.55701754386
1510.0,Ian,IT,52168.0
1148.0,Ian,Sales,118920.0
1674.0,Ian,Marketing,105564.0
1341.0,Grace,Finance,79841.0
1724.0,Jane,HR,97155.0
1339.0,Helen,Sales,72913.0
1011.0,David,HR,70889.55701754386
1138.0,Eva,Marketing,74124.99086757991
1349.0,Bob,Finance,100984.0
1829.0,Frank,HR,93870.0
1447.0,Charlie,Sales,100476.0
1618.0,Bob,Sales,103445.0
1998.0,Helen,Finance,101906.0
1065.0,Bob,Sales,111889.0
1370.0,Grace,Sales,101229.0
1959.0,David,IT,75096.0
1010.0,Eva,Finance,77055.0
1113.0,Eva,Marketing,93646.0
1801.0,Alice,HR,70889.55701754386
1710.0,David,Sales,59309.0
1696.0,Grace,IT,53284.0
1110.0,Charlie,IT,78713.0
1476.0,Helen,Finance,91063.0
1517.0,Eva,Marketing,107811.0
1701.0,Grace,Marketing,111906.0
1588.0,Unknown,Marketing,109578.0
1096.0,Jane,Sales,87716.0
1980.0,Eva,Marketing,117969.0
1760.0,Jane,Finance,96707.0
1941.0,Bob,Finance,117489.0
1417.0,Jane,Finance,85316.0
1589.0,Frank,IT,55498.0
1313.0,Ian,HR,101308.0
1209.0,Jane,Sales,103794.0
1888.0,Jane,HR,70889.55701754386
1807.0,David,Marketing,113457.0
1254.0,Helen,Marketing,118177.0
1395.0,Jane,HR,83420.0
1346.0,Unknown,Finance,74936.0
1046.0,Eva,HR,61324.0
1607.0,Jane,Finance,119822.0
1856.0,Alice,IT,94166.0
1654.0,Unknown,Sales,67861.0
1448.0,Alice,IT,90920.0
1587.0,Jane,Marketing,74124.99086757991
1207.0,David,Sales,86549.0
1689.0,Charlie,Sales,76850.0
1319.0,Helen,Marketing,70108.0
1120.0,Ian,IT,54611.0
1943.0,Helen,Finance,56475.0
1878.0,Eva,Sales,117983.0
1008.0,Grace,Sales,61890.0
1802.0,Grace,Sales,80669.0
1522.0,Eva,HR,94946.0
1317.0,Charlie,HR,61822.0
1777.0,David,Finance,59055.0
1872.0,Alice,IT,87828.0
1407.0,Charlie,Sales,55121.0
1568.0,Charlie,Sales,59725.0
1183.0,Alice,Marketing,68467.0
1902.0,Alice,Marketing,50074.0
1225.0,Grace,Sales,58982.0
1487.0,Alice,Marketing,116205.0
1360.0,Alice,Marketing,96918.0
1111.0,Alice,IT,59734.0
1847.0,Eva,HR,52263.0
1962.0,Alice,Marketing,59009.0
1034.0,Charlie,Sales,103297.0
1221.0,Alice,HR,78604.0
1668.0,Eva,Sales,55051.0
1852.0,David,Marketing,80729.0
1399.0,Ian,Marketing,83744.0
1105.0,Helen,Finance,74976.0
1022.0,Alice,HR,117128.0
1324.0,Jane,Sales,104270.0
1465.0,Jane,IT,58138.0
1147.0,Ian,IT,66041.0
1935.0,Grace,Marketing,79416.0
1877.0,Frank,Finance,70846.0
1108.0,Helen,HR,116365.0
1041.0,Ian,Sales,119152.0
1314.0,Jane,Sales,78244.0
1996.0,Jane,IT,93278.0
1189.0,Frank,HR,84253.0
1240.0,Charlie,HR,71323.0
1223.0,Ian,Finance,98910.0
1197.0,Eva,HR,98008.0
1230.0,Ian,HR,76479.0
1687.0,Frank,Sales,79235.27477477478
1876.0,Jane,IT,51038.0
1132.0,Grace,IT,64068.0
1242.0,Charlie,Sales,79235.27477477478
1127.0,David,HR,106666.0
1428.0,Eva,Marketing,72080.0
1704.0,Frank,IT,52436.0
1175.0,Helen,HR,62117.0
1063.0,Bob,Marketing,62779.0
1482.0,Unknown,IT,56189.0
1995.0,Grace,Finance,75185.10619469026
1350.0,Bob,IT,80331.0
1680.0,Helen,Sales,60447.0
1421.0,David,HR,62784.0
1284.0,Charlie,HR,61750.0
1042.0,Bob,Finance,57723.0
1545.0,Ian,HR,53387.0
1163.0,Ian,Sales,63755.0
1817.0,Helen,IT,60651.0
1467.0,Jane,HR,106295.0
1342.0,Ian,IT,76332.0
1814.0,David,IT,99286.0
1835.0,Eva,Sales,102055.0
1361.0,David,Sales,64171.0
1203.0,Ian,Marketing,98011.0
1290.0,Alice,HR,86154.0
1262.0,Bob,HR,72685.0
1797.0,Eva,IT,85718.0
1142.0,Grace,IT,73665.4203539823
1868.0,Frank,HR,81707.0
1258.0,Charlie,Sales,77864.0
1942.0,Eva,IT,73665.4203539823
1006.0,Jane,Marketing,84061.0
1924.0,Ian,Marketing,50095.0
1505.0,Ian,Sales,79235.27477477478
1956.0,Alice,HR,70889.55701754386
1546.0,Bob,Sales,78908.0
1375.0,Grace,HR,61174.0
1470.0,Ian,Finance,72533.0
1947.0,Charlie,Finance,76305.0
1831.0,Unknown,HR,60573.0
1975.0,David,Marketing,62602.0
1635.0,Jane,Sales,53225.0
1828.0,Helen,IT,104905.0
1707.0,Bob,IT,55279.0
1771.0,Jane,HR,64521.0
1295.0,Alice,Finance,78895.0
1078.0,Ian,HR,54596.0
1794.0,Charlie,IT,53481.0
1118.0,Grace,Finance,104172.0
1940.0,Grace,Marketing,60090.0
1659.0,Alice,HR,111580.0
1937.0,Ian,Marketing,74124.99086757991
1194.0,Alice,HR,61367.0
1841.0,Grace,IT,57624.0
1544.0,Jane,Sales,73541.0
1946.0,Grace,Marketing,111623.0
1648.0,Ian,HR,108229.0
1306.0,Alice,Finance,103965.0
1244.0,Helen,IT,73665.4203539823
1271.0,David,Finance,94612.0
1084.0,Alice,Sales,69310.0
1600.0,Alice,Marketing,93437.0
1410.0,Eva,HR,51223.0
1107.0,Charlie,Marketing,53171.0
1853.0,Unknown,Finance,71971.0
1934.0,Alice,Marketing,107275.0
1478.0,Ian,IT,73665.4203539823
1087.0,Charlie,Sales,66914.0
1287.0,Unknown,Sales,108222.0
1235.0,Eva,Sales,102982.0
1355.0,Jane,Finance,71568.0
1348.0,Grace,Sales,91588.0
1053.0,David,Finance,90233.0
1414.0,Alice,IT,73665.4203539823
1086.0,Helen,HR,70889.55701754386
1690.0,Bob,Marketing,84220.0
1884.0,Helen,IT,115445.0
1490.0,Bob,Finance,76857.0
1338.0,Ian,Finance,109364.0
1726.0,David,IT,92424.0
1025.0,Ian,Sales,115150.0
1776.0,Unknown,Marketing,92292.0
1988.0,Eva,IT,68547.0
1442.0,Bob,HR,77684.0
1420.0,Grace,HR,60911.0
1469.0,Charlie,Marketing,77241.0
1499.0,Ian,HR,99519.0
1224.0,Bob,Marketing,55592.0
1964.0,Grace,Finance,63866.0
1672.0,Alice,Marketing,63787.0
1122.0,Jane,Marketing,89189.0
1199.0,Bob,IT,94315.0
1182.0,Eva,IT,90946.0
1530.0,Jane,Finance,80408.0
1677.0,David,IT,73665.4203539823
1586.0,Frank,Finance,66735.0
1237.0,Grace,Sales,78231.0
1463.0,Jane,Sales,94027.0
1431.0,David,Sales,58671.0
1301.0,Eva,Marketing,103822.0
1630.0,Bob,Finance,98099.0
1257.0,Ian,Sales,60682.0
1585.0,Eva,HR,64196.0
1909.0,Charlie,IT,92987.0
1590.0,Unknown,Sales,106865.0
1993.0,Frank,Finance,71814.0
1870.0,Unknown,Finance,51800.0
1137.0,Ian,HR,111929.0
1535.0,Grace,IT,109751.0
1404.0,Eva,IT,59300.0
1571.0,Bob,Sales,86447.0
1667.0,Eva,Finance,114730.0
1288.0,Eva,HR,54226.0
1228.0,Unknown,Sales,98619.0
1971.0,Jane,Sales,85915.0
1424.0,Grace,HR,94641.0
1623.0,Alice,IT,94429.0
1272.0,Helen,Marketing,91929.0
1916.0,Unknown,HR,82756.0
1218.0,Grace,Finance,74843.0
1400.0,Helen,HR,100331.0
1344.0,David,HR,67846.0
1202.0,Alice,IT,73665.4203539823
1326.0,Jane,IT,58179.0
1955.0,David,Sales,115751.0
1772.0,David,IT,56928.0
1466.0,Jane,HR,59956.0
1440.0,Helen,Sales,55431.0
1617.0,Jane,Marketing,74124.99086757991
1398.0,Frank,Sales,71424.0
1784.0,Jane,Marketing,54259.0
1279.0,Frank,IT,75033.0
1153.0,Frank,Sales,94174.0
1913.0,Frank,Marketing,55150.0
1227.0,Charlie,IT,118733.0
1834.0,Frank,Finance,75185.10619469026
1453.0,Alice,Finance,119570.0
1516.0,Jane,Sales,107425.0
1146.0,Alice,Sales,61910.0
1305.0,Charlie,IT,67685.0
1208.0,Charlie,Finance,64503.0
1214.0,David,Finance,88576.0
1833.0,Eva,Sales,60933.0
1256.0,Charlie,Finance,65585.0
1745.0,Charlie,Finance,79733.0
1578.0,Charlie,Marketing,79666.0
1508.0,Alice,Finance,56806.0
1880.0,Charlie,IT,67991.0
1200.0,Frank,IT,99249.0
1472.0,David,Sales,108815.0
1970.0,Eva,Finance,102516.0
1415.0,David,Finance,60620.0
1387.0,Eva,Sales,54022.0
1332.0,Grace,Finance,107866.0
1291.0,Eva,HR,50609.0
1013.0,Helen,Finance,108916.0
1513.0,Grace,Finance,84093.0
1764.0,Ian,Marketing,107465.0
1840.0,Helen,Marketing,86700.0
1020.0,Bob,IT,90576.0
1819.0,Alice,HR,78777.0
1533.0,Unknown,Sales,58044.0
1952.0,Charlie,Sales,89165.0
1731.0,Eva,HR,104603.0
1377.0,David,Finance,106373.0
1343.0,David,Sales,55032.0
1793.0,Charlie,Finance,101707.0
1220.0,Helen,Sales,72828.0
1983.0,Charlie,Marketing,104663.0
1423.0,Eva,IT,63160.0
1611.0,Eva,IT,53762.0
1267.0,Alice,IT,95450.0
1085.0,Helen,HR,86088.0
1637.0,Bob,Sales,66727.0
1917.0,Charlie,Sales,86481.0
1158.0,Charlie,Sales,79104.0
1860.0,Ian,Finance,75185.10619469026
1302.0,Helen,Marketing,74124.99086757991
1891.0,Unknown,IT,95794.0
1076.0,Jane,HR,108714.0
1631.0,Charlie,Sales,66060.0
1017.0,Bob,Sales,99569.0
1851.0,Bob,Finance,53648.0
1799.0,Grace,Marketing,75232.0
1915.0,Ian,HR,72870.0
1283.0,Frank,Finance,82290.0
1405.0,Frank,HR,119881.0
1149.0,David,IT,95681.0
1599.0,Alice,HR,56832.0
1832.0,Alice,IT,108707.0
1502.0,Alice,Finance,94379.0
1437.0,Helen,IT,79230.0
1304.0,Eva,IT,61055.0
1334.0,Grace,Sales,90545.0
1195.0,Frank,Finance,84624.0
1166.0,Alice,Finance,87993.0
1064.0,Jane,IT,51636.0
1299.0,Charlie,Finance,94309.0
1554.0,Alice,Sales,76486.0
1670.0,Jane,HR,105054.0
1174.0,Alice,IT,73665.4203539823
1503.0,Alice,HR,87866.0
1139.0,Frank,Finance,105388.0
1293.0,David,Sales,102909.0
1939.0,Alice,Sales,111835.0
1575.0,Ian,HR,95095.0
1604.0,Charlie,IT,119464.0
1452.0,Charlie,IT,73665.4203539823
1606.0,Ian,IT,66751.0
1651.0,Alice,Marketing,92539.0
1460.0,Charlie,Finance,78355.0
1987.0,Jane,Sales,106229.0
1775.0,Alice,Finance,117896.0
1323.0,Bob,HR,107452.0
1403.0,Grace,Finance,52420.0
1497.0,Grace,HR,89765.0
1432.0,Jane,Sales,81431.0
1443.0,Alice,Marketing,60111.0
1131.0,David,Sales,53669.0
1051.0,Charlie,Finance,93449.0
1079.0,Alice,HR,63174.0
1521.0,David,Sales,106971.0
1501.0,Ian,Marketing,90703.0
1243.0,David,Marketing,74124.99086757991
1653.0,Ian,Sales,51817.0
1663.0,Charlie,HR,106256.0
1652.0,Bob,Sales,96077.0
1750.0,Eva,IT,70785.0
1070.0,Ian,IT,76819.0
1186.0,Bob,IT,106329.0
1446.0,Bob,Marketing,71991.0
1748.0,Charlie,HR,89063.0
1791.0,Jane,HR,105415.0
1216.0,Unknown,HR,83363.0
1746.0,Bob,HR,71800.0
1678.0,Alice,HR,64051.0
1050.0,Helen,Finance,109973.0
1787.0,Grace,Finance,75185.10619469026
1369.0,Eva,Marketing,87022.0
1666.0,Eva,IT,80288.0
1551.0,Frank,Marketing,54858.0
1717.0,Charlie,IT,72821.0
1144.0,Grace,Marketing,66451.0
1989.0,David,Sales,58795.0
1673.0,Eva,Finance,51621.0
1133.0,Charlie,HR,70889.55701754386
1818.0,Helen,Sales,100202.0
1072.0,Eva,Marketing,56966.0
1524.0,Eva,Sales,91332.0
1538.0,Jane,HR,112566.0
1528.0,Eva,Finance,106272.0
1367.0,Helen,Marketing,72468.0
1609.0,Frank,Finance,75185.10619469026
1169.0,Grace,Marketing,87784.0
1700.0,Charlie,Marketing,100553.0
1167.0,Jane,Finance,104696.0
1413.0,Eva,IT,58380.0
1900.0,Grace,Sales,63380.0
1083.0,Helen,Marketing,117163.0
1702.0,Frank,Marketing,92812.0
1027.0,Jane,IT,69882.0
1552.0,Charlie,Sales,78689.0
1727.0,Helen,HR,75603.0
1328.0,Unknown,Finance,85099.0
1281.0,Frank,Sales,103165.0
1329.0,Alice,HR,65262.0
1879.0,David,Sales,97821.0
1887.0,Grace,IT,114742.0
1693.0,Eva,Marketing,83072.0
1278.0,Charlie,HR,90631.0
1556.0,David,HR,59739.0
1911.0,Alice,Sales,110685.0
1523.0,David,Finance,114080.0
1484.0,Ian,Sales,89560.0
1698.0,Eva,HR,113369.0
1198.0,David,HR,102240.0
1565.0,Grace,Finance,113986.0
1408.0,Jane,HR,67487.0
1875.0,Unknown,IT,73665.4203539823
1026.0,Alice,Finance,96024.0
1567.0,Jane,Sales,81612.0
1767.0,Ian,Sales,100968.0
1286.0,Helen,Finance,103800.0
1383.0,Charlie,Finance,119818.0
1683.0,Grace,IT,114045.0
1866.0,Frank,Finance,75185.10619469026
1922.0,Jane,HR,56170.0
1622.0,Frank,HR,110073.0
1047.0,Bob,Finance,113360.0
1576.0,Grace,HR,52656.0
1809.0,David,Sales,98673.0
1642.0,Frank,IT,93646.0
1393.0,Alice,Sales,79235.27477477478
1471.0,Grace,HR,58270.0
1300.0,Ian,Sales,79235.27477477478
1141.0,Jane,IT,101831.0
1537.0,Ian,Marketing,85533.0
1430.0,Bob,Finance,50281.0
1515.0,Charlie,IT,79145.0
1886.0,Eva,Sales,110257.0
1474.0,Eva,Finance,53888.0
1643.0,Alice,Marketing,90603.0
1204.0,Frank,Finance,75185.10619469026
1542.0,Grace,Sales,116250.0
1579.0,Ian,Sales,112368.0
1921.0,Charlie,HR,97065.0
1234.0,Alice,Marketing,111437.0
1581.0,Ian,IT,92946.0
1374.0,Charlie,Finance,57605.0
1236.0,Unknown,HR,85922.0
1098.0,Grace,IT,72652.0
1968.0,Bob,Finance,111557.0
1520.0,Unknown,Sales,76804.0
1092.0,Alice,IT,76413.0
1945.0,Charlie,Sales,73732.0
1904.0,Unknown,Sales,69901.0
1708.0,Charlie,IT,56201.0
1532.0,Jane,Sales,86849.0
1885.0,Jane,Marketing,107067.0
1102.0,Alice,IT,84691.0
1626.0,Eva,Finance,67804.0
1929.0,Helen,Sales,56819.0
1075.0,Helen,HR,56987.0
1231.0,David,IT,50103.0
1441.0,Grace,Finance,86492.0
1754.0,Frank,Finance,77299.0
1082.0,Ian,IT,89182.0
1861.0,Bob,IT,109025.0
1335.0,Jane,Finance,102146.0
1157.0,Alice,Marketing,110532.0
1632.0,Eva,Marketing,99122.0
1462.0,Alice,IT,100067.0
1029.0,Grace,IT,59165.0
1697.0,Eva,IT,91330.0
1574.0,Helen,HR,71321.0
1009.0,Unknown,Sales,109134.0
1433.0,Jane,Sales,58602.0
1649.0,Frank,IT,79815.0
1362.0,Jane,Finance,71779.0
1849.0,Helen,Finance,50354.0
1171.0,Charlie,Sales,116936.0
1032.0,Charlie,IT,94965.0
1106.0,Eva,IT,73596.0
1337.0,Bob,HR,69922.0
1012.0,Helen,Marketing,72287.0
1759.0,Ian,IT,78330.0
1270.0,Eva,HR,100971.0
1391.0,Ian,IT,89353.0
1656.0,Eva,Marketing,73934.0
1123.0,Charlie,HR,51675.0
1211.0,Charlie,IT,104069.0
1495.0,Eva,Marketing,117527.0
1871.0,David,Marketing,105939.0
1910.0,Charlie,Finance,93370.0
1238.0,Ian,Finance,75185.10619469026
1756.0,Frank,Finance,60682.0
1514.0,David,Finance,85419.0
1101.0,Unknown,HR,61010.0
1561.0,David,Sales,96912.0
1479.0,Eva,HR,107360.0
1073.0,Bob,Finance,111709.0
1912.0,Helen,Finance,84400.0
1785.0,Helen,Marketing,118553.0
1822.0,Ian,Marketing,89634.0
1285.0,Frank,Finance,70461.0
1039.0,Bob,Marketing,81924.0
1559.0,Ian,Finance,57044.0
1812.0,Ian,Marketing,108258.0
1612.0,Helen,Sales,112617.0
1066.0,Jane,HR,83551.0
1914.0,Helen,IT,61852.0
1681.0,Bob,Sales,113930.0
1292.0,Charlie,HR,82130.0
1068.0,Helen,Sales,57598.0
1181.0,Grace,Finance,81501.0
1357.0,Jane,IT,84823.0
1372.0,Frank,HR,110354.0
1109.0,Frank,Finance,74139.0
1619.0,Eva,Marketing,108645.0
1325.0,Bob,IT,63613.0
1577.0,Alice,Finance,85147.0
1595.0,David,Marketing,77701.0
1592.0,David,IT,97695.0
1729.0,Bob,IT,110797.0
1310.0,Alice,Marketing,81112.0
1798.0,Jane,Marketing,74629.0
1547.0,Jane,Finance,115457.0
1188.0,Jane,IT,69532.0
1001.0,Grace,HR,66487.0
1333.0,Jane,HR,116269.0
1028.0,Charlie,Marketing,55923.0
1800.0,Ian,Sales,116544.0
1676.0,Charlie,Marketing,89792.0
1629.0,Unknown,IT,57766.0
1276.0,Alice,Marketing,64594.0
1928.0,Helen,Sales,85426.0
1455.0,Helen,Finance,113588.0
1591.0,Eva,Sales,61656.0
1176.0,Alice,Finance,75185.10619469026
1161.0,Frank,Finance,98388.0
1049.0,Grace,IT,52443.0
1007.0,Charlie,Marketing,60659.0
1967.0,Frank,IT,71855.0
1178.0,Bob,Marketing,85754.0
1978.0,Helen,IT,88067.0
1705.0,Bob,HR,72963.0
1449.0,Alice,Sales,93530.0
1845.0,Charlie,HR,59118.0
1960.0,Frank,Marketing,101986.0
1982.0,Bob,Finance,67346.0
3720.0,Eva,IT,71359.0
3980.0,Frank,Sales,117207.0
3530.0,Bob,Sales,61499.0
3756.0,David,Sales,58153.0
3811.0,Bob,Sales,119051.0
3256.0,Unknown,HR,65910.0
3383.0,Alice,IT,116127.0
3427.0,Eva,Marketing,59536.0
3487.0,David,HR,98327.0
3033.0,Grace,Finance,104341.0
3693.0,Charlie,HR,79174.0
3426.0,Helen,IT,58905.0
3554.0,Bob,Finance,93653.0
3755.0,Unknown,Marketing,74979.0
3781.0,Frank,Finance,104228.0
3676.0,Alice,Sales,79235.27477477478
3921.0,Alice,HR,70889.55701754386
3143.0,David,Marketing,66842.0
3093.0,Ian,Finance,76254.0
3736.0,Frank,Finance,97499.0
3525.0,Alice,Marketing,74124.99086757991
3741.0,Alice,Finance,53040.0
3578.0,Jane,HR,94665.0
3229.0,Alice,Sales,101361.0
3706.0,Eva,HR,70889.55701754386
3528.0,Ian,IT,55048.0
3280.0,Ian,Sales,118895.0
3679.0,Unknown,Finance,53819.0
3104.0,Frank,Finance,87261.0
3787.0,Helen,Finance,68185.0
3969.0,Unknown,IT,73665.4203539823
3867.0,Frank,HR,116787.0
3389.0,Helen,Sales,85255.0
3541.0,Alice,HR,104498.0
3384.0,Grace,Sales,119486.0
3908.0,David,Sales,61979.0
3476.0,Bob,Finance,107862.0
3072.0,Alice,Marketing,85028.0
3499.0,Eva,IT,101066.0
3021.0,Jane,IT,69139.0
3650.0,Grace,IT,73665.4203539823
3774.0,David,Sales,115180.0
3890.0,Eva,Sales,72056.0
3035.0,Charlie,HR,84460.0
3157.0,Charlie,Marketing,108504.0
3699.0,Charlie,Marketing,111226.0
3076.0,Ian,HR,62018.0
3926.0,Alice,Marketing,86333.0
3795.0,Helen,HR,77139.0
3984.0,Frank,Marketing,110440.0
3602.0,Frank,Marketing,118288.0
3881.0,Jane,HR,56326.0
3965.0,Charlie,Sales,81773.0
3245.0,Bob,Finance,71904.0
3582.0,Charlie,HR,81505.0
3998.0,Bob,IT,110460.0
3455.0,Alice,HR,87008.0
3392.0,Charlie,Finance,88459.0
3165.0,Ian,Sales,79235.27477477478
3148.0,Grace,HR,61519.0
3798.0,Helen,Finance,75185.10619469026
3573.0,Charlie,HR,59131.0
3101.0,Ian,Marketing,105397.0
3556.0,Alice,IT,117584.0
3154.0,David,Marketing,71888.0
3002.0,Jane,Marketing,74124.99086757991
3535.0,Eva,Marketing,90931.0
3742.0,Helen,Marketing,81645.0
3327.0,Bob,Finance,51090.0
3012.0,Bob,Marketing,114012.0
3118.0,Frank,Marketing,77428.0
3020.0,Frank,HR,61571.0
3552.0,David,IT,73279.0
3474.0,Grace,Finance,86640.0
3249.0,Charlie,Finance,69469.0
3318.0,David,Finance,81213.0
3073.0,Eva,Finance,104847.0
3758.0,Jane,Marketing,103783.0
3912.0,Ian,HR,74942.0
3574.0,Eva,Marketing,79767.0
3837.0,Frank,Sales,79235.27477477478
3103.0,Helen,Sales,79235.27477477478
3886.0,Alice,IT,64760.0
3820.0,David,Marketing,103380.0
3250.0,Jane,Marketing,58305.0
3666.0,Charlie,HR,91925.0
3821.0,Ian,Marketing,88008.0
3032.0,Jane,Sales,79235.27477477478
3532.0,Bob,IT,53652.0
3411.0,Charlie,Sales,62512.0
3922.0,Bob,IT,107110.0
3918.0,Bob,Marketing,81688.0
3453.0,Grace,IT,73665.4203539823
3497.0,Grace,Marketing,83626.0
3164.0,Frank,Finance,74118.0
3591.0,Unknown,Sales,87963.0
3286.0,Bob,Marketing,74124.99086757991
3010.0,Jane,HR,114058.0
3880.0,Frank,IT,118358.0
3465.0,Frank,HR,64993.0
3533.0,Alice,Marketing,84997.0
3513.0,Helen,IT,72247.0
3268.0,Frank,Sales,114607.0
3313.0,Eva,Sales,90161.0
3119.0,Grace,IT,101118.0
3771.0,Helen,Finance,91474.0
3502.0,Charlie,Sales,77059.0
3378.0,Ian,IT,73665.4203539823
3677.0,Ian,HR,78418.0
3136.0,Frank,HR,63681.0
3089.0,Bob,Marketing,74124.99086757991
3737.0,Grace,Marketing,50861.0
3461.0,Frank,IT,99397.0
3640.0,Frank,IT,112756.0
3125.0,Charlie,Sales,79235.27477477478
3094.0,Alice,IT,59647.0
3177.0,Unknown,Sales,109928.0
3027.0,Jane,IT,118117.0
3836.0,Unknown,IT,106507.0
3314.0,Frank,Marketing,102140.0
3946.0,Grace,HR,100373.0
3066.0,Jane,Sales,77202.0
3295.0,Alice,IT,60437.0
3643.0,Eva,Marketing,104177.0
3939.0,David,IT,88341.0
3763.0,Grace,HR,106751.0
3299.0,Eva,Sales,61946.0
3906.0,Grace,Sales,92847.0
3188.0,Charlie,Sales,105340.0
3887.0,Eva,Marketing,78354.0
3698.0,Jane,IT,87807.0
3897.0,Ian,Finance,68737.0
3673.0,Jane,HR,70889.55701754386
3353.0,Ian,HR,71795.0
3309.0,Alice,Finance,106019.0
3186.0,Grace,Sales,91605.0
3364.0,Frank,Marketing,66211.0
3761.0,Grace,Sales,66666.0
3394.0,Grace,Finance,114491.0
3963.0,Bob,Marketing,55156.0
3483.0,Unknown,Marketing,109964.0
3428.0,David,Sales,62208.0
3484.0,Unknown,Finance,114656.0
3782.0,Helen,Finance,61300.0
3967.0,Helen,IT,91524.0
3610.0,Bob,Marketing,72746.0
3594.0,Helen,Sales,75236.0
3865.0,Grace,Marketing,74124.99086757991
3785.0,Jane,Finance,111885.0
3786.0,Jane,Sales,101509.0
3047.0,David,IT,106550.0
3380.0,David,Sales,109026.0
3861.0,Ian,IT,63902.0
3883.0,Frank,HR,82431.0
3791.0,Frank,HR,114252.0
3944.0,Jane,Marketing,95035.0
3490.0,Grace,IT,78177.0
3269.0,Alice,Sales,112388.0
3613.0,Frank,Finance,98321.0
3342.0,Bob,HR,94942.0
3671.0,Frank,Sales,114108.0
3333.0,Alice,Sales,103339.0
3814.0,Ian,Finance,96731.0
3322.0,David,IT,95410.0
3149.0,Jane,Finance,66208.0
3917.0,Frank,Sales,78148.0
3971.0,Grace,Finance,107662.0
3334.0,Grace,Marketing,101516.0
3892.0,Charlie,HR,82098.0
3729.0,Frank,IT,64100.0
3651.0,Frank,Marketing,86314.0
3284.0,Unknown,Finance,64335.0
3519.0,Ian,IT,56309.0
3776.0,Jane,Sales,97538.0
3109.0,Frank,Sales,87080.0
3803.0,David,IT,113634.0
3937.0,David,HR,110304.0
3469.0,Unknown,Finance,71365.0
3538.0,Bob,HR,53519.0
3325.0,Helen,Marketing,102260.0
3158.0,Grace,Marketing,82534.0
3749.0,Eva,IT,68669.0
3804.0,Helen,IT,89303.0
3179.0,Unknown,Sales,102105.0
3390.0,Frank,IT,100284.0
3063.0,Ian,Marketing,92236.0
3122.0,Grace,Marketing,98494.0
3329.0,Frank,HR,85851.0
3617.0,Ian,HR,56406.0
3856.0,Jane,IT,61147.0
3031.0,Eva,Sales,106544.0
3291.0,Jane,Finance,59444.0
3316.0,Alice,Finance,117416.0
3621.0,Charlie,Marketing,81505.0
3456.0,Unknown,IT,85353.0
3873.0,Ian,HR,93956.0
3872.0,Alice,Marketing,111350.0
3700.0,Jane,Marketing,51417.0
3259.0,Eva,IT,83218.0
3705.0,Unknown,IT,58683.0
3433.0,Grace,Sales,102512.0
3162.0,Ian,Marketing,115717.0
3696.0,Charlie,Sales,66349.0
3247.0,Charlie,IT,77265.0
3800.0,Bob,IT,86272.0
3038.0,Grace,Finance,67941.0
3634.0,David,IT,79807.0
3040.0,Frank,IT,65203.0
3071.0,Grace,Finance,61722.0
3710.0,Helen,Finance,69124.0
3560.0,Helen,IT,73665.4203539823
3852.0,Bob,Marketing,106064.0
3042.0,Unknown,HR,98069.0
3271.0,Jane,Finance,101376.0
3864.0,Alice,HR,64795.0
4000.0,Charlie,IT,73540.0
3739.0,Unknown,HR,84862.0
3305.0,Jane,Finance,61270.0
3662.0,Helen,IT,83005.0
3337.0,Bob,HR,96768.0
3972.0,Jane,HR,86441.0
3187.0,Charlie,IT,97908.0
3142.0,Bob,IT,50969.0
3088.0,Bob,HR,102924.0
3096.0,Grace,IT,52463.0
3644.0,Jane,Sales,103989.0
3218.0,Helen,IT,102910.0
3805.0,Ian,Sales,115824.0
3970.0,Eva,Marketing,57760.0
3670.0,Grace,IT,54901.0
3507.0,Eva,Marketing,93614.0
3494.0,Eva,HR,115389.0
3725.0,Helen,Marketing,84592.0
3923.0,Jane,IT,119709.0
3049.0,Jane,IT,95513.0
3339.0,Grace,Sales,106556.0
3153.0,Charlie,Finance,107993.0
3036.0,Jane,HR,102179.0
